<?xml version="1.0" encoding="UTF-8"?>
<!--
/**
 * @author Amasty Team
 * @copyright Copyright (c) 2019 Amasty (https://www.amasty.com)
 * @package Amasty_Xsearch
 */
-->
<config xmlns:xsi="http://www.w3.org/2001/XMLSchema-instance" xsi:noNamespaceSchemaLocation="urn:magento:framework:Indexer/etc/indexer.xsd">
    <indexer id="amasty_xsearch_category_fulltext" view_id="amasty_xsearch_category_fulltext" class="Amasty\Xsearch\Model\Indexer\Category\Fulltext">
        <title translate="true">Amasty: Advanced Search  - Categories</title>
        <description translate="true">Rebuild fulltext search index</description>
        <saveHandler class="Amasty\Xsearch\Model\Indexer\Category\IndexHandler" />
        <structure class="Amasty\Xsearch\Model\Indexer\Category\IndexStructure" />
    </indexer>
</config>
