<?xml version="1.0"?>
<!--
/**
 * @author Amasty Team
 * @copyright Copyright (c) 2019 Amasty (https://www.amasty.com)
 * @package Amasty_Xsearch
 */
-->

<requests xmlns:xsi="http://www.w3.org/2001/XMLSchema-instance"
          xsi:noNamespaceSchemaLocation="urn:magento:framework:Search/etc/search_request.xsd">
    <request query="amasty_xsearch_category" index="amasty_xsearch_category_fulltext">
        <dimensions>
            <dimension name="scope" value="default"/>
        </dimensions>
        <queries>
            <query xsi:type="boolQuery" name="amasty_xsearch_category" boost="1">
                <queryReference clause="should" ref="search" />
            </query>
            <query xsi:type="matchQuery" value="$search_term$" name="search">
                <match field="*"/>
            </query>
        </queries>
        <from>0</from>
        <size>10000</size>
    </request>
</requests>