<?xml version="1.0"?>
<!--
/**
 * @author Amasty Team
 * @copyright Copyright (c) 2021 Amasty (https://www.amasty.com)
 * @package Amasty_SalesRuleWizard
 */
-->
<config xmlns:xsi="http://www.w3.org/2001/XMLSchema-instance" xsi:noNamespaceSchemaLocation="urn:magento:framework:Acl/etc/acl.xsd">
    <acl>
        <resources>
            <resource id="Magento_Backend::admin">
                <resource id="Magento_Backend::marketing">
                    <resource id="Magento_CatalogRule::promo">
                        <resource id="Amasty_SalesRuleWizard::wizard" sortOrder="40" title="Cart Price Rules Wizard by Amasty" translate="title" />
                    </resource>
                </resource>
            </resource>
        </resources>
    </acl>
</config>
