<?xml version="1.0"?>
<!--
/**
 * Copyright © Magento, Inc. All rights reserved.
 * See COPYING.txt for license details.
 */
-->
<config xmlns:xsi="http://www.w3.org/2001/XMLSchema-instance" xsi:noNamespaceSchemaLocation="urn:magento:module:Magento_Config:etc/system_file.xsd">
    <system>
        <section id="catalog" translate="label" type="text" sortOrder="40" showInDefault="1" showInWebsite="1" showInStore="1">
            <group id="frontend" translate="label" type="text" sortOrder="100" showInDefault="1" showInWebsite="1" showInStore="1">
                <field id="swatches_per_product" translate="label" type="text" sortOrder="300" showInDefault="1" showInWebsite="1" showInStore="1" canRestore="1">
                    <label>Swatches per Product</label>
                    <validate>validate-digits validate-zero-or-greater</validate>
                </field>
                <field id="show_swatches_in_product_list" translate="label" type="select" sortOrder="310" showInDefault="1" showInWebsite="1" showInStore="1" canRestore="1">
                    <label>Show Swatches in Product List</label>
                    <source_model>Magento\Config\Model\Config\Source\Yesno</source_model>
                </field>
                <field id="show_swatch_tooltip" translate="label" type="select" sortOrder="320" showInDefault="1" showInWebsite="1" showInStore="1" canRestore="1">
                    <label>Show Swatch Tooltip</label>
                    <source_model>Magento\Config\Model\Config\Source\Yesno</source_model>
                </field>
                 <field id="products_attributes_custom_sku_id" translate="label comment" sortOrder="321" type="select" showInDefault="1" showInWebsite="1" showInStore="1">
                    <label>Product Attributes SKU ID</label>
                    <comment>Product Attributes SKU ID</comment>
                    <source_model>Chilliapple\Products\Model\Config\Source\Sleektheme</source_model>
                </field>
            </group>
        </section>
    </system>
</config>
