<?xml version="1.0"?>
<!--
/**
 * @author Amasty Team
 * @copyright Copyright (c) 2021 Amasty (https://www.amasty.com)
 * @package Amasty_Promo
 */
-->

<config xmlns:xsi="http://www.w3.org/2001/XMLSchema-instance"
        xsi:noNamespaceSchemaLocation="urn:magento:module:Magento_Customer:etc/sections.xsd">
    <action name="amasty_promo/cart/add">
        <section name="cart"/>
        <section name="ammessages"/>
    </action>
    <action name="sales/guest/reorder">
        <section name="ammessages"/>
    </action>
    <action name="sales/order/reorder">
        <section name="ammessages"/>
    </action>
    <action name="checkout/cart/add">
        <section name="ammessages"/>
    </action>
    <action name="paypal/express/placeOrder">
        <section name="ammessages"/>
    </action>
    <action name="paypal/payflowexpress/placeOrder">
        <section name="ammessages"/>
    </action>
    <action name="paypal/express/onAuthorization">
        <section name="ammessages"/>
    </action>
    <action name="checkout/cart/add">
        <section name="ammessages"/>
    </action>
    <action name="checkout/cart/delete">
        <section name="ammessages"/>
    </action>
    <action name="checkout/cart/updatePost">
        <section name="ammessages"/>
    </action>
    <action name="checkout/cart/updateItemOptions">
        <section name="ammessages"/>
    </action>
    <action name="checkout/cart/couponPost">
        <section name="ammessages"/>
    </action>
    <action name="checkout/cart/estimatePost">
        <section name="ammessages"/>
    </action>
    <action name="checkout/cart/estimateUpdatePost">
        <section name="ammessages"/>
    </action>
    <action name="checkout/onepage/saveOrder">
        <section name="ammessages"/>
    </action>
    <action name="checkout/sidebar/removeItem">
        <section name="ammessages"/>
    </action>
    <action name="checkout/sidebar/updateItemQty">
        <section name="ammessages"/>
    </action>
    <action name="rest/*/V1/carts/*/payment-information">
        <section name="ammessages"/>
    </action>
    <action name="rest/*/V1/guest-carts/*/payment-information">
        <section name="ammessages"/>
    </action>
    <action name="rest/*/V1/guest-carts/*/selected-payment-method">
        <section name="ammessages"/>
    </action>
    <action name="rest/*/V1/carts/*/selected-payment-method">
        <section name="ammessages"/>
    </action>
    <action name="braintree/paypal/placeOrder">
        <section name="ammessages"/>
    </action>
    <action name="authorizenet/directpost_payment/place">
        <section name="ammessages"/>
    </action>
    <action name="multishipping/checkout/overviewPost">
        <section name="ammessages"/>
    </action>
</config>
